{"initial_reset_timestamp": 1555168713.083084, "timestamps": [1555168721.5223837, 1555168729.5643861, 1555168737.377044], "episode_lengths": [983, 939, 1209], "episode_rewards": [3.0, 7.0, 7.0], "episode_types": ["t", "t", "t"]}